title,company,location,how old,link
C++ and Python software engineers - Metrology,"ASML
                ","
Veldhoven, Netherlands                ",2d ago,https://stackoverflow.com//jobs/512001/c-plus-plus-and-python-software-engineers-metrology-asml
Senior Backend Engineer (Python/Django),"NewtonX
                ","
New York, NY                ",18d ago,https://stackoverflow.com//jobs/470973/senior-backend-engineer-python-django-newtonx
Software Developer (Python),"Picnic
                ","
Amsterdam, Netherlands                ",10d ago,https://stackoverflow.com//jobs/292346/software-developer-python-picnic
Senior Marketing Software Engineer (Python) - 5605,"Chewy, Inc.
                ","
Dania Beach, FL                ",18d ago,https://stackoverflow.com//jobs/501814/senior-marketing-software-engineer-python-5605-chewy-inc
Senior Python Developer,"Trafilea
                ","
No office location                ",20d ago,https://stackoverflow.com//jobs/501177/senior-python-developer-trafilea
Senior Backend Engineer (Python/Django),"Financial Technology Partners
                ","
San Francisco, CA                ",24d ago,https://stackoverflow.com//jobs/446918/senior-backend-engineer-python-django-financial-technology-partners
Python Software Engineer,"R2
                ","
New York, NY                ",18d ago,https://stackoverflow.com//jobs/502021/python-software-engineer-r2
Python Software Engineer,"Captivation Software
                ","
Fort Meade, MD                ",17d ago,https://stackoverflow.com//jobs/449506/python-software-engineer-captivation-software
Python Software Developer,"Old Mission Capital, LLC
                ","
Chicago, IL                ",20d ago,https://stackoverflow.com//jobs/237203/python-software-developer-old-mission-capital-llc
Senior Software Developer Python (m/f/d),"Ströer Online Marketing
                ","
Hamburg, Deutschland                ",9d ago,https://stackoverflow.com//jobs/462625/senior-software-developer-python-m-f-d-str%C3%B6er-online-marketing
Senior Software Engineer - Python,"DIGARC
                ","
No office location                ",26d ago,https://stackoverflow.com//jobs/425402/senior-software-engineer-python-digarc
Python Backend Developer,"Werum IT Solutions - inCyght Data Science
                ","
Budapest, Ungarn                ",15d ago,https://stackoverflow.com//jobs/372243/python-backend-developer-werum-it-solutions-incyght
Software Developer (Python),"Nexthink
                ","
Prilly, Switzerland                ",18d ago,https://stackoverflow.com//jobs/471159/software-developer-python-nexthink
Principal Python Engineer,"ComplyAdvantage
                ","
London, UK                ",15d ago,https://stackoverflow.com//jobs/504216/principal-python-engineer-complyadvantage
(Junior) Python Software Developer (m/w/d),"ENERCON GmbH
                ","
Bremen, Deutschland                ",14d ago,https://stackoverflow.com//jobs/487071/junior-python-software-developer-m-w-d-enercon-gmbh
Python Developer,"UKG (Ultimate Kronos Group)
                ","
No office location                ",13d ago,https://stackoverflow.com//jobs/487629/python-developer-ukg-ultimate-kronos-group
Senior Python Developer (f/m/d),"Ambient Innovation: GmbH
                ","
No office location                ",4d ago,https://stackoverflow.com//jobs/493874/senior-python-developer-f-m-d-ambient-innovation-gmbh
Full-Stack Engineer (Python OR Javascript),"Neo4j
                ","
Malmö, Sweden                ",18d ago,https://stackoverflow.com//jobs/362199/full-stack-engineer-python-or-javascript-neo4j
Backend Engineer (Python),"Zattoo
                ","
Berlin, Germany                ",14d ago,https://stackoverflow.com//jobs/472439/backend-engineer-python-zattoo
Senior Python Engineer,"SteepRock Inc
                ","
No office location                ",23d ago,https://stackoverflow.com//jobs/383269/senior-python-engineer-steeprock-inc
Développeur Crafteur .Net ou Python,"Arolla
                ","
Paris, France                ",20d ago,https://stackoverflow.com//jobs/501121/d%C3%A9veloppeur-crafteur-net-ou-python-arolla
"Full Stack Software Engineer (Python, Vue, Shopify)","Opinew
                ","
No office location                ",16d ago,https://stackoverflow.com//jobs/503426/full-stack-software-engineer-python-vue-opinew
Senior Python Developer,"Spiria
                ","
Oakville, ON, Canada                ",11d ago,https://stackoverflow.com//jobs/506445/senior-python-developer-spiria
Python Developer,"Octopus Energy
                ","
London, UK                ",25d ago,https://stackoverflow.com//jobs/468269/python-developer-octopus-energy
Fullstack Entwickler (m/w/d) für R-/Python-Applikationen,"Bundesdruckerei GmbH
                ","
Hannover, Deutschland                ",8d ago,https://stackoverflow.com//jobs/508309/fullstack-entwickler-m-w-d-f%C3%BCr-r-python-bundesdruckerei-gmbh
Sr Python developer - Software Engineer,"JPMorgan Chase Bank, N.A.
                ","
Jersey City, NJ                ",yesterday,https://stackoverflow.com//jobs/512353/sr-python-developer-software-engineer-jpmorgan-chase-bank-na
Senior Python Developer,"Spiria
                ","
Oakville, ON, Canada                ",11d ago,https://stackoverflow.com//jobs/506445/senior-python-developer-spiria
Python Developer,"Octopus Energy
                ","
London, UK                ",25d ago,https://stackoverflow.com//jobs/468269/python-developer-octopus-energy
Python Software Engineer,"bloomon
                ","
Amsterdam, Netherlands                ",10d ago,https://stackoverflow.com//jobs/286140/python-software-engineer-bloomon
Lead Python / Django Developer (f/m/d),"TeleClinic GmbH
                ","
München, Deutschland                ",7d ago,https://stackoverflow.com//jobs/508934/lead-python-django-developer-f-m-d-teleclinic-gmbh
Back-End Developer - Python,"Imaginary Cloud
                ","
Lisbon, Portugal                ",29d ago,https://stackoverflow.com//jobs/496581/back-end-developer-python-imaginary-cloud
Senior Software Engineer Java/Python,"JPMorgan Chase Bank, N.A.
                ","
Houston, TX                ",21h ago,https://stackoverflow.com//jobs/512553/senior-software-engineer-java-python-jpmorgan-chase-bank-na
Senior Python Developer,"Perch Security, Inc.
                ","
No office location                ",21d ago,https://stackoverflow.com//jobs/500468/senior-python-developer-perch-security-inc
Python Software Developer,"EODC GmbH
                ","
Wien, Österreich                ",27d ago,https://stackoverflow.com//jobs/496568/python-software-developer-eodc-gmbh
"Software Engineering, Python Developer","JPMorgan Chase Bank, N.A.
                ","
Buenos Aires, Argentina                ",2d ago,https://stackoverflow.com//jobs/511438/software-engineering-python-developer-jpmorgan-chase-bank-na
Lead Software Engineer - Python - ASOS AI,"ASOS
                ","
London, UK                ",12h ago,https://stackoverflow.com//jobs/455785/lead-software-engineer-python-asos-ai-asos
Backend Software Engineer: Python/ Java (m/f/d),"creditshelf
                ","
Frankfurt am Main, Deutschland                ",12d ago,https://stackoverflow.com//jobs/219940/backend-software-engineer-python-java-m-f-d-creditshelf
Software Engineer (Python),"Pagefreezer
                ","
No office location                ",19d ago,https://stackoverflow.com//jobs/501239/software-engineer-python-pagefreezer
Python Service Developer (m/w/d),"Enote GmbH
                ","
Berlin, Deutschland                ",8d ago,https://stackoverflow.com//jobs/508338/python-service-developer-m-w-d-enote-gmbh
Python Software Engineer,"JPMorgan Chase Bank, N.A.
                ","
Glasgow, UK                ",2d ago,https://stackoverflow.com//jobs/511667/python-software-engineer-jpmorgan-chase-bank-na
Python Software Engineer,"JPMorgan Chase Bank, N.A.
                ","
Houston, TX                ",2d ago,https://stackoverflow.com//jobs/511472/python-software-engineer-jpmorgan-chase-bank-na
Software Engineer - Python,"JPMorgan Chase Bank, N.A.
                ","
Glasgow, UK                ",3d ago,https://stackoverflow.com//jobs/511375/software-engineer-python-jpmorgan-chase-bank-na
Senior Full-Stack Django/Python Developer,"Share Edge, LLC
                ","
Manhattan Beach, CA                ",19d ago,https://stackoverflow.com//jobs/501234/senior-full-stack-django-python-developer-share-edge-llc
Python Software Engineer - Glasgow - Associate,"JPMorgan Chase Bank, N.A.
                ","
Glasgow, UK                ",4d ago,https://stackoverflow.com//jobs/510909/python-software-engineer-glasgow-associate-jpmorgan-chase-bank-na
Software Engineering - Full Stack Developer - Python/ReactJS - Mumbai,"JPMorgan Chase Bank, N.A.
                ","
Mumbai, India                ",8h ago,https://stackoverflow.com//jobs/512960/software-engineering-full-stack-developer-jpmorgan-chase-bank-na
Senior Software Engineer Backend Python (m/f/d),"BASF
                ","
Köln, Deutschland                ",30d ago,https://stackoverflow.com//jobs/466263/senior-software-engineer-backend-python-m-f-d-basf
Senior Python Software Engineer - Search,"Cookpad Limited
                ","
Bristol, UK                ",15d ago,https://stackoverflow.com//jobs/472388/senior-python-software-engineer-search-cookpad-limited
Senior Backend Python Developer (Copenhagen),"GameAnalytics
                ","
Copenhagen, Denmark                ",5d ago,https://stackoverflow.com//jobs/510434/senior-backend-python-developer-copenhagen-gameanalytics
Full Stack Engineer - Javascript/Python,"Zumper
                ","
Providence, RI                ",18d ago,https://stackoverflow.com//jobs/446582/full-stack-engineer-javascript-python-zumper
Senior Python Engineer,"Bulb Energy
                ","
London, UK                ",9d ago,https://stackoverflow.com//jobs/396265/senior-python-engineer-bulb-energy
"Software Engineering, Python Developer","JPMorgan Chase Bank, N.A.
                ","
Buenos Aires, Argentina                ",2d ago,https://stackoverflow.com//jobs/511438/software-engineering-python-developer-jpmorgan-chase-bank-na
"Software Engineer (m/f/d) Python, C++, GO or JavaScript","ProSiebenSat.1 Media SE
                ","
München, Deutschland                ",27d ago,https://stackoverflow.com//jobs/497098/software-engineer-m-f-d-python-c-plus-plus-go-or-prosiebensat1-media-se
Independent & Self-motivated Senior Python Backend Developer,"Seez
                ","
No office location                ",27d ago,https://stackoverflow.com//jobs/394457/independent-self-motivated-senior-python-seez
Python Software Engineer (40h/wk),"Channable
                ","
Utrecht, Netherlands                ",21d ago,https://stackoverflow.com//jobs/458136/python-software-engineer-40h-wk-channable
Senior Backend Python Developer (Copenhagen),"GameAnalytics
                ","
Copenhagen, Denmark                ",5d ago,https://stackoverflow.com//jobs/510434/senior-backend-python-developer-copenhagen-gameanalytics
Sr. Python Web Developer,"RavenPack International SL.
                ","
Marbella, Spain                ",18d ago,https://stackoverflow.com//jobs/470988/sr-python-web-developer-ravenpack-international-sl
Backend Technical Architect (Python),"ReCharge Payments
                ","
No office location                ",18d ago,https://stackoverflow.com//jobs/502015/backend-technical-architect-python-recharge-payments
Software Engineering-Java/ Python Fullstack,"JPMorgan Chase Bank, N.A.
                ","
Bengaluru, India                ",6h ago,https://stackoverflow.com//jobs/512999/software-engineering-java-python-fullstack-jpmorgan-chase-bank-na
Python Developer,"Addison Group
                ","
Washington, DC                ",18d ago,https://stackoverflow.com//jobs/501812/python-developer-addison-group
Cloud Python Software Engineer,"JPMorgan Chase Bank, N.A.
                ","
Glasgow, UK                ",3d ago,https://stackoverflow.com//jobs/511228/cloud-python-software-engineer-jpmorgan-chase-bank-na
Software Engineer - Python,"Hearst Magazines
                ","
New York, NY                ",18d ago,https://stackoverflow.com//jobs/485603/software-engineer-python-hearst-magazines
(Senior) Backend Python Developer (m/f/x),"Alasco
                ","
München, Germany                ",25d ago,https://stackoverflow.com//jobs/388312/senior-backend-python-developer-m-f-x-alasco
Lead/Principal Data Engineer - Python - 100% remote,"Cazana
                ","
London, UK                ",21d ago,https://stackoverflow.com//jobs/500534/lead-principal-data-engineer-python-100-cazana
"REMOTE Java, Python or Golang Backend Engineer- Big Data and Data at very large","Greenfield Partners
                ","
No office location                ",13h ago,https://stackoverflow.com//jobs/512698/remote-java-python-or-golang-backend-engineer-greenfield-partners
Software Engineer (Python),"Pagefreezer
                ","
No office location                ",19d ago,https://stackoverflow.com//jobs/501239/software-engineer-python-pagefreezer
Software Engineering - Python Developer (Associate),"JPMorgan Chase Bank, N.A.
                ","
Mumbai, India                ",4d ago,https://stackoverflow.com//jobs/510485/software-engineering-python-developer-jpmorgan-chase-bank-na
Python Software Engineer,"JPMorgan Chase Bank, N.A.
                ","
Glasgow, UK                ",10h ago,https://stackoverflow.com//jobs/512823/python-software-engineer-jpmorgan-chase-bank-na
"Lead Engineer - Python, MySQL, VueJS","Tails.com
                ","
Richmond, UK                ",19d ago,https://stackoverflow.com//jobs/391983/lead-engineer-python-mysql-vuejs-tailscom
Python Developer/ Trading Systems Engineer,,via,6d ago,https://stackoverflow.com//jobs/509419/python-developer-trading-systems-engineer-huxley-banking-financial
Senior Java/Python Software engineer,"JPMorgan Chase Bank, N.A.
                ","
New York, NY                ",3d ago,https://stackoverflow.com//jobs/511386/senior-java-python-software-engineer-jpmorgan-chase-bank-na
Senior Full-Stack Django/Python Developer,"Share Edge, LLC
                ","
Manhattan Beach, CA                ",19d ago,https://stackoverflow.com//jobs/501234/senior-full-stack-django-python-developer-share-edge-llc
Web Applications Python Developer,"Saphetor S.A.
                ","
Athens, Greece                ",4d ago,https://stackoverflow.com//jobs/488068/web-applications-python-developer-saphetor-sa
Python developer for VoIP service provider,"TelSmart
                ","
Zagreb, Croatia                ",3d ago,https://stackoverflow.com//jobs/435753/python-developer-for-voip-service-provider-telsmart
Sr. Python Software Engineer,"Global Reach Consulting LLC
                ","
Reston, VA                ",5d ago,https://stackoverflow.com//jobs/417839/sr-python-software-engineer-global-reach-consulting-llc
"Remote Senior Software Engineer, Python","Verys
                ","
No office location                ",9h ago,https://stackoverflow.com//jobs/512908/remote-senior-software-engineer-python-verys
Softwareentwickler (m/w/d) Backend Python/Go,"Hetzner Cloud GmbH
                ","
Unterföhring, Deutschland                ",21d ago,https://stackoverflow.com//jobs/272624/softwareentwickler-m-w-d-backend-python-go-hetzner-cloud-gmbh
Python developer for VoIP service provider,"TelSmart
                ","
Zagreb, Croatia                ",3d ago,https://stackoverflow.com//jobs/435753/python-developer-for-voip-service-provider-telsmart
Sr. Python Software Engineer,"Global Reach Consulting LLC
                ","
Reston, VA                ",5d ago,https://stackoverflow.com//jobs/417839/sr-python-software-engineer-global-reach-consulting-llc
"Remote Senior Software Engineer, Python","Verys
                ","
No office location                ",9h ago,https://stackoverflow.com//jobs/512908/remote-senior-software-engineer-python-verys
Python Developer,"YouGov
                ","
No office location                ",3d ago,https://stackoverflow.com//jobs/494238/python-developer-yougov
Senior Backend Developer (Python/Apache Kafka),"dresslife
                ","
Hanover, Germany                ",6d ago,https://stackoverflow.com//jobs/509392/senior-backend-developer-python-apache-kafka-dresslife
Senior Python Developer,"Extreme Engineering Solutions (X-ES)
                ","
Verona, WI                ",yesterday,https://stackoverflow.com//jobs/512241/senior-python-developer-extreme-engineering-solutions
"Full Stack Software Developer - Python, MySQL, VueJS","Tails.com
                ","
Richmond, UK                ",13d ago,https://stackoverflow.com//jobs/487607/full-stack-software-developer-python-mysql-tailscom
"Awesome Full-Stack Software Engineer - Java, Python, JavaScript (Fully Cleared)","Erias Ventures
                ","
Annapolis Junction, MD                ",28d ago,https://stackoverflow.com//jobs/432032/awesome-full-stack-software-engineer-java-erias-ventures
Senior Python Backend Engineer,"Kranus Health GmbH
                ","
München, Deutschland                ",4d ago,https://stackoverflow.com//jobs/493234/senior-python-backend-engineer-kranus-health-gmbh
QA Engineer (Python/Java),"Flow Traders
                ","
Amsterdam, Netherlands                ",24d ago,https://stackoverflow.com//jobs/421752/qa-engineer-python-java-flow-traders
Python Software Engineer Intern for Geospatial AI Platform Team,"Blackshark.ai GmbH
                ","
Graz, Österreich                ",7d ago,https://stackoverflow.com//jobs/491339/python-software-engineer-intern-for-geospatial-ai-blacksharkai-gmbh
Experienced Python Backend Engineer for growing start up!,"This Land Inc dba Sunday
                ","
Boulder, CO                ",10d ago,https://stackoverflow.com//jobs/474459/experienced-python-backend-engineer-for-growing-this-land-inc-dba-sunday
C++ & Python Engineer - Research Analytics Technology,"JPMorgan Chase Bank, N.A.
                ","
Glasgow, UK                ",2d ago,https://stackoverflow.com//jobs/511905/c-plus-plus-python-engineer-research-analytics-jpmorgan-chase-bank-na
Senior Fullstack Python Developer,"Backtracks
                ","
No office location                ",6d ago,https://stackoverflow.com//jobs/509421/senior-fullstack-python-developer-backtracks
Back-end Python Django Developer,"Scalable Path
                ","
No office location                ",8d ago,https://stackoverflow.com//jobs/499668/back-end-python-django-developer-scalable-path
Python Software Engineer,"Trilliant Health
                ","
Nashville, TN                ",22d ago,https://stackoverflow.com//jobs/456801/python-software-engineer-trilliant-health
Data Engineer (Python) for Insurtech Startup,"iptiQ by Swiss Re
                ","
Hoofddorp, Netherlands                ",17d ago,https://stackoverflow.com//jobs/471200/data-engineer-python-for-insurtech-startup-iptiq-by-swiss-re
Software Engineering - Python,"JPMorgan Chase Bank, N.A.
                ","
Bengaluru, India                ",10h ago,https://stackoverflow.com//jobs/512822/software-engineering-python-jpmorgan-chase-bank-na
Application Support - Unix/Python,"JPMorgan Chase Bank, N.A.
                ","
Buenos Aires, Argentina                ",2d ago,https://stackoverflow.com//jobs/511594/application-support-unix-python-jpmorgan-chase-bank-na
Lead Developer Backend / Softwarearchitekt (m/w/d) Python/Django,"Bundesdruckerei GmbH
                ","
Hamburg, Deutschland                ",18d ago,https://stackoverflow.com//jobs/485922/lead-developer-backend-softwarearchitekt-m-w-bundesdruckerei-gmbh
"Software Engineering: ServiceNow, AWS & Python","JPMorgan Chase Bank, N.A.
                ","
Wilmington, DE                ",20h ago,https://stackoverflow.com//jobs/512644/software-engineering-servicenow-aws-python-jpmorgan-chase-bank-na
(Senior) Python Developer,"Centogene GmbH
                ","
Beograd, Serbia                ",13d ago,https://stackoverflow.com//jobs/505596/senior-python-developer-centogene-gmbh
Python Developer / Data Engineer (SQL) (Remote U.S. Only),"X-Team
                ","
No office location                ",26d ago,https://stackoverflow.com//jobs/497851/python-developer-data-engineer-sql-remote-x-team
Python Engineer,"TileDB, Inc.
                ","
Cambridge, MA                ",yesterday,https://stackoverflow.com//jobs/419347/python-engineer-tiledb-inc
Software Engineering - Python - VP -Bengaluru,"JPMorgan Chase Bank, N.A.
                ","
Bengaluru, India                ",3d ago,https://stackoverflow.com//jobs/511229/software-engineering-python-vp-bengaluru-jpmorgan-chase-bank-na
Data Engineer (Python) for Insurtech Startup,"iptiQ by Swiss Re
                ","
Hoofddorp, Netherlands                ",17d ago,https://stackoverflow.com//jobs/471200/data-engineer-python-for-insurtech-startup-iptiq-by-swiss-re
"Software Engineering: ServiceNow, AWS & Python","JPMorgan Chase Bank, N.A.
                ","
Wilmington, DE                ",20h ago,https://stackoverflow.com//jobs/512644/software-engineering-servicenow-aws-python-jpmorgan-chase-bank-na
QA Engineer (Python/Java),"Flow Traders
                ","
Amsterdam, Netherlands                ",24d ago,https://stackoverflow.com//jobs/421752/qa-engineer-python-java-flow-traders
"Remote Senior Software Engineer, Python","Verys
                ","
No office location                ",9h ago,https://stackoverflow.com//jobs/512908/remote-senior-software-engineer-python-verys
Python Developer suchen Kollegen (m/w/d),"solute GmbH
                ","
Karlsruhe, Deutschland                ",14d ago,https://stackoverflow.com//jobs/284443/python-developer-suchen-kollegen-m-w-d-solute-gmbh
Senior Python Developer,"Outliant
                ","
No office location                ",18d ago,https://stackoverflow.com//jobs/501800/senior-python-developer-outliant
Python Developer / Data Engineer (SQL) (Remote U.S. Only),"X-Team
                ","
No office location                ",26d ago,https://stackoverflow.com//jobs/497851/python-developer-data-engineer-sql-remote-x-team
Python Engineer,"TileDB, Inc.
                ","
Cambridge, MA                ",yesterday,https://stackoverflow.com//jobs/419347/python-engineer-tiledb-inc
Senior Python Developer (m/f/d) Berlin Startup,"Grandperspective GmbH
                ","
Berlin, Deutschland                ",21d ago,https://stackoverflow.com//jobs/394237/senior-python-developer-m-f-d-berlin-startup-grandperspective-gmbh
Python Developer [m/w/x],"Skalar Systems
                ","
Graz, Österreich                ",20d ago,https://stackoverflow.com//jobs/484866/python-developer-m-w-x-skalar-systems
"Developer and Consultant: Java, Python and More","Princeton Consultants
                ","
Princeton, NJ                ",2d ago,https://stackoverflow.com//jobs/489617/developer-and-consultant-java-python-and-more-princeton-consultants
Python Software Developer,"UBIMET GmbH
                ","
Wien, Österreich                ",10d ago,https://stackoverflow.com//jobs/412367/python-software-developer-ubimet-gmbh
Python Developer,"Anyfin AB
                ","
Stockholm, Sweden                ",12d ago,https://stackoverflow.com//jobs/451956/python-developer-anyfin-ab
"Senior Developer - ""Kubernetes, Go Lang, Python,  API""","SAP
                ","
Bengaluru, India                ",9d ago,https://stackoverflow.com//jobs/454627/senior-developer-kubernetes-go-lang-python-sap
Software Engineer - Python (d/f/m),"Stylight
                ","
München, Deutschland                ",9d ago,https://stackoverflow.com//jobs/416801/software-engineer-python-d-f-m-stylight
Python Backend Developer / Data Engineer (m/f/d) for Geo Applications (Munich),"GAF AG
                ","
München, Deutschland                ",5d ago,https://stackoverflow.com//jobs/407481/python-backend-developer-data-engineer-m-f-d-gaf-ag
Senior Python Developer,"AIM
                ","
No office location                ",15d ago,https://stackoverflow.com//jobs/503595/senior-python-developer-aim
Full-Stack PHP/Python Web Developer,"Kettle
                ","
No office location                ",13d ago,https://stackoverflow.com//jobs/295624/full-stack-php-python-web-developer-kettle
"Senior Backend Engineer (Python) - UK, Remote","Plentific
                ","
London, UK                ",28d ago,https://stackoverflow.com//jobs/497076/senior-backend-engineer-python-uk-remote-plentific
Python Backend Lead Engineer,"Geomagical Labs
                ","
Mountain View, CA                ",6d ago,https://stackoverflow.com//jobs/492299/python-backend-lead-engineer-geomagical-labs
Senior Python Developer (m//f/d) with Kubernetes-Focus for Monitoring-Company,"tribe29 GmbH
                ","
München, Deutschland                ",7d ago,https://stackoverflow.com//jobs/508981/senior-python-developer-m-f-d-with-kubernetes-tribe29-gmbh
AWS IoT Developer Greengress .Net Python NodeJS,"Version 1
                ","
No office location                ",22d ago,https://stackoverflow.com//jobs/500204/aws-iot-developer-greengress-net-python-nodejs-version-1
"Data Engineer (m/f) (SQL, Python, R, Java)","RIAG DIGITAL
                ","
Wien, Austria                ",10d ago,https://stackoverflow.com//jobs/376577/data-engineer-m-f-sql-python-r-java-riag-digital
Python Developer II,"Flashpoint
                ","
No office location                ",23d ago,https://stackoverflow.com//jobs/483496/python-developer-ii-flashpoint
Software Engineers - Cloud Reliability & Infrastructure (Python or Java),"Canva
                ","
Sydney, Australia                ",22d ago,https://stackoverflow.com//jobs/373689/software-engineers-cloud-reliability-canva
Lead Full-Stack Software Engineer -  AWS/Python/Typescript/GO/Lambda,"EDF
                ","
London, UK                ",23d ago,https://stackoverflow.com//jobs/457943/lead-full-stack-software-engineer-aws-python-edf
"Senior Machine Learning Engineer (Python, TensorFlow)","The Meet Group
                ","
No office location                ",29d ago,https://stackoverflow.com//jobs/496024/senior-machine-learning-engineer-python-the-meet-group
Python- Infrastructure Development,"JPMorgan Chase Bank, N.A.
                ","
Plano, TX                ",22h ago,https://stackoverflow.com//jobs/512438/python-infrastructure-development-jpmorgan-chase-bank-na
Senior Backend Engineer (m/f/d) - Python,"Motius GmbH
                ","
München, Deutschland                ",4d ago,https://stackoverflow.com//jobs/510711/senior-backend-engineer-m-f-d-python-motius-gmbh
Senior Python Data Engineer,"JPMorgan Chase Bank, N.A.
                ","
Jersey City, NJ                ",2d ago,https://stackoverflow.com//jobs/511429/senior-python-data-engineer-jpmorgan-chase-bank-na
Python Developer,"Etiometry
                ","
Boston, MA                ",13d ago,https://stackoverflow.com//jobs/504970/python-developer-etiometry
Python Anwendungsentwickler(in) Elektronenmikroskopie F&E,"CEOS GmbH
                ","
Heidelberg, Deutschland                ",10d ago,https://stackoverflow.com//jobs/167786/python-anwendungsentwickler-in-ceos-gmbh
Python Developer/ Data Engineer,,via,6d ago,https://stackoverflow.com//jobs/509422/python-developer-data-engineer-huxley-banking-financial
Software Engineer (Python Data Stack) (m/f/d),"QuantCo
                ","
Karlsruhe, Germany                ",29d ago,https://stackoverflow.com//jobs/349976/software-engineer-python-data-stack-m-f-d-quantco
Python Developer suchen Kollegen (m/w/d),"solute GmbH
                ","
Karlsruhe, Deutschland                ",14d ago,https://stackoverflow.com//jobs/284443/python-developer-suchen-kollegen-m-w-d-solute-gmbh
"Open Source Developer & DevOps (Python, Django, AWS, OpenStack)","OpenCraft
                ","
No office location                ",15d ago,https://stackoverflow.com//jobs/453430/open-source-developer-devops-python-django-opencraft
Data Engineer - Python,"Sytac IT Consulting
                ","
Amsterdam, Netherlands                ",5d ago,https://stackoverflow.com//jobs/477308/data-engineer-python-sytac-it-consulting
Senior Python Developer (m/f/d) Berlin Startup,"Grandperspective GmbH
                ","
Berlin, Deutschland                ",21d ago,https://stackoverflow.com//jobs/394237/senior-python-developer-m-f-d-berlin-startup-grandperspective-gmbh
"Senior Python Engineer, EdTech - U.S. Remote","Schoolytics
                ","
No office location                ",2d ago,https://stackoverflow.com//jobs/486400/senior-python-engineer-edtech-us-remote-schoolytics
Python Developer,"Anyfin AB
                ","
Stockholm, Sweden                ",12d ago,https://stackoverflow.com//jobs/451956/python-developer-anyfin-ab
Software Engineering Lead-Java/Python Fullstack,"JPMorgan Chase Bank, N.A.
                ","
Bengaluru, India                ",yesterday,https://stackoverflow.com//jobs/512256/software-engineering-lead-java-python-fullstack-jpmorgan-chase-bank-na
